timestamp,price,market_cap,volume,crypto
2024-07-01 17:02:48.011,63011.87639347416,1242405588168.945,25596567782.72289,bitcoin
2024-07-01 18:08:25.387,63652.87323453718,1252317766019.569,26378472923.055496,bitcoin
2024-07-01 19:07:28.423,63434.12781427923,1253941829298.4534,27432206940.658382,bitcoin
2024-07-01 20:01:04.291,63052.97800917564,1245670062268.485,27836479855.17127,bitcoin
2024-07-01 21:12:56.064,63197.361820796796,1246327164925.218,24347417385.389008,bitcoin
2024-07-01 22:06:24.093,63080.47247285277,1244073758892.4253,27683218514.919876,bitcoin
2024-07-01 23:09:12.810,62949.757038255186,1241072871310.3293,24154141033.828796,bitcoin
2024-07-02 00:07:14.755,62826.911179904506,1238799172479.871,26090135677.990852,bitcoin
2024-07-02 01:04:14.998,62875.75674636393,1239174293306.0066,25155496171.404247,bitcoin
2024-07-02 02:08:54.257,62895.107159886094,1239595154803.5193,23885701711.06292,bitcoin
2024-07-02 03:11:52.864,62960.03655075398,1241466513886.4827,22235719688.74947,bitcoin
2024-07-02 04:07:09.041,63113.36508935344,1244585125992.6577,20216983771.545498,bitcoin
2024-07-02 05:02:39.060,62992.851139948136,1243035948301.2014,21782694581.345943,bitcoin
2024-07-02 06:01:21.225,62944.75076314975,1241158985171.735,19041035272.403572,bitcoin
2024-07-02 07:10:47.652,62713.6626954499,1237663761623.4744,22214025940.04114,bitcoin
2024-07-02 08:02:25.445,62542.20837393613,1233184816536.0771,22024740755.88123,bitcoin
2024-07-02 09:08:33.644,62546.90146610754,1234389316526.8367,22539624891.634842,bitcoin
2024-07-02 10:02:39.639,62579.21142136503,1234214823412.2256,22821933060.16621,bitcoin
2024-07-02 11:12:44.042,62575.71596782795,1233966660626.8567,21760633594.339798,bitcoin
2024-07-02 12:07:28.552,62704.816681650904,1237271563842.6572,22485307785.993496,bitcoin
2024-07-02 13:01:41.353,62805.365586281885,1241815954440.7693,22567733827.333897,bitcoin
2024-07-02 14:10:31.382,62617.284848841926,1233365986322.8877,22605727809.227886,bitcoin
2024-07-02 15:05:17.194,61993.27247736709,1222463132050.4026,21472828807.59354,bitcoin
2024-07-02 16:12:30.064,61815.240774380596,1218952473804.1133,21247143693.072018,bitcoin
2024-07-02 17:04:39.122,61844.57371201113,1219532073466.7034,20554427939.190376,bitcoin
2024-07-02 18:02:25.126,62094.11258121884,1222729411777.255,22375413472.03698,bitcoin
2024-07-02 19:01:32.608,62256.053811755926,1228222968208.6926,19390053912.599373,bitcoin
2024-07-02 20:02:36.965,61914.98477030604,1220255399984.3127,20385644151.668766,bitcoin
2024-07-02 21:03:39.905,61936.15561918698,1221339367713.7913,20053337524.587883,bitcoin
2024-07-02 22:05:41.344,61910.472420665166,1220833098029.4678,18144290514.611088,bitcoin
2024-07-02 23:07:21.834,62029.4494937256,1223255513500.1892,20220239442.56839,bitcoin
2024-07-03 00:08:48.909,62069.99123220051,1222901857941.0586,19352215291.544132,bitcoin
2024-07-03 01:04:37.810,61989.308907058155,1222388878596.3972,18129694358.39895,bitcoin
2024-07-03 02:08:11.065,61406.34596520202,1208702533685.853,19025662844.10006,bitcoin
2024-07-03 03:09:00.648,61242.739675293175,1208249614191.0862,21241956293.362934,bitcoin
2024-07-03 04:06:47.330,60769.98613066456,1200615017553.6267,22685000561.728096,bitcoin
2024-07-03 05:09:47.175,60801.25430887933,1197892329851.984,22323215484.56029,bitcoin
2024-07-03 06:00:18.730,60961.1908085858,1201749614784.8418,22913195058.69978,bitcoin
2024-07-03 07:07:44.509,60919.78976803358,1201296304027.502,20290141510.00948,bitcoin
2024-07-03 08:06:13.436,60799.45622303615,1198430510940.3257,22284161377.74436,bitcoin
2024-07-03 09:10:11.196,60417.591806072865,1193128713932.536,22860409342.851364,bitcoin
2024-07-03 10:01:10.141,60511.01267592566,1194044081338.7039,22981816895.08412,bitcoin
2024-07-03 11:06:53.314,60187.361785738554,1188725871468.2715,25329561960.710705,bitcoin
2024-07-03 12:10:22.841,60184.708109952655,1188896490429.906,26311336094.688297,bitcoin
2024-07-03 13:10:27.767,59806.87425955481,1182706565232.2092,27245527274.976482,bitcoin
2024-07-03 14:02:37.903,60506.81684105061,1193156792865.4429,27314306843.492767,bitcoin
2024-07-03 15:05:16.910,60217.68768076043,1187455345662.8582,26385955948.7706,bitcoin
2024-07-03 16:02:59.727,60119.6569758108,1185907366888.5676,27045910705.666977,bitcoin
2024-07-03 17:11:27.941,60377.64969349297,1191186414757.7793,27733295707.377926,bitcoin
2024-07-03 18:06:21.455,60324.50778147703,1185976091595.8467,27913352958.87564,bitcoin
2024-07-03 19:06:08.389,60095.36814276449,1186758752390.0193,27775723187.180992,bitcoin
2024-07-03 20:10:37.963,59745.8278835818,1178150563959.2896,28663278715.510838,bitcoin
2024-07-03 21:01:30.281,59563.92273028924,1174563507481.3655,26905753275.702103,bitcoin
2024-07-03 22:10:23.374,60147.75475815409,1187498306258.3013,30090581488.54869,bitcoin
2024-07-03 23:08:01.617,60242.774086307996,1187950033976.512,30303593677.95991,bitcoin
2024-07-04 00:08:51.868,60182.99341375096,1186937170314.9272,30392404224.147316,bitcoin
2024-07-04 01:02:38.125,60398.52778331812,1191015988778.9792,29597489227.607216,bitcoin
2024-07-04 02:11:31.716,58128.71854045257,1152496162776.676,33355660297.44243,bitcoin
2024-07-04 03:09:01.076,58985.14563324322,1162626009487.5505,34568522100.55703,bitcoin
2024-07-04 04:02:46.174,59009.12315743557,1163839907059.3813,30030137469.694584,bitcoin
2024-07-04 05:11:30.724,58885.9191753607,1163221387245.7883,34697847680.58823,bitcoin
2024-07-04 06:07:37.267,58843.83146867757,1160041465356.8672,34267045778.781162,bitcoin
2024-07-04 07:07:49.662,58789.69562511361,1159699665898.6572,35554723505.66818,bitcoin
2024-07-04 08:02:31.123,58124.717085173885,1147393126988.988,36502468696.244316,bitcoin
2024-07-04 09:05:27.772,57698.935090308485,1138373140843.3513,38437561471.82301,bitcoin
2024-07-04 10:01:27.030,57698.55900732324,1137783099335.693,37327670681.05015,bitcoin
2024-07-04 11:07:29.284,57894.75871114661,1141996645188.6902,36240349459.75345,bitcoin
2024-07-04 12:06:13.930,57706.01159970372,1137123168606.0027,37797064232.87431,bitcoin
2024-07-04 13:03:46.042,57168.94874544772,1127339483142.0854,39042026261.00258,bitcoin
2024-07-04 14:05:31.314,57358.67759833075,1131195765363.4492,40600009646.92142,bitcoin
2024-07-04 15:03:48.590,57370.60684322405,1131316067296.7256,38350081112.61704,bitcoin
2024-07-04 16:04:11.489,58065.96228550596,1145028433529.1846,42338373282.42858,bitcoin
2024-07-04 17:09:50.362,58221.29097238483,1149412745432.1025,42315783819.130844,bitcoin
2024-07-04 18:01:30.623,58238.60231609168,1148433206442.0542,39061810747.378815,bitcoin
2024-07-04 19:00:44.727,58075.17630147742,1145218465254.671,39520829529.8329,bitcoin
2024-07-04 20:01:07.353,58318.97815504438,1149474701641.5747,42621517496.50553,bitcoin
2024-07-04 21:05:00.191,58290.889295057714,1149464276909.4258,41977450837.78143,bitcoin
2024-07-04 22:02:49.352,58389.28828003514,1150481745972.7385,28675967398.414318,bitcoin
2024-07-04 23:05:31.679,57977.618267917234,1143286744553.2805,41779082608.45783,bitcoin
2024-07-05 00:08:03.254,56964.89845388565,1122328815593.5117,43785056555.930504,bitcoin
2024-07-05 01:10:35.352,57269.70112636575,1131070104714.1062,42466189272.685394,bitcoin
2024-07-05 02:06:43.367,57190.18450577283,1127759841705.1296,44308650186.92098,bitcoin
2024-07-05 03:05:56.742,55751.13182015238,1104897893150.1143,37528463205.16738,bitcoin
2024-07-05 04:02:55.198,55197.23024185425,1088459849851.1864,43800003817.65339,bitcoin
2024-07-05 05:00:38.860,54234.46102821286,1070549530466.525,48231753570.83921,bitcoin
2024-07-05 06:03:09.260,54729.63347115223,1079793628910.2632,49584943125.39,bitcoin
2024-07-05 07:07:59.741,54223.11485670683,1070760908247.9612,55232840698.705505,bitcoin
2024-07-05 08:02:54.475,54418.5635099566,1072632153880.2125,51836557158.559944,bitcoin
2024-07-05 09:10:03.048,54092.795612600225,1066318269203.8793,53574302682.48981,bitcoin
2024-07-05 10:02:03.491,54522.68854880229,1075159120907.0243,53321087738.732994,bitcoin
2024-07-05 11:10:15.176,55227.4865465324,1083633295590.7792,54036307021.756676,bitcoin
2024-07-05 12:01:46.091,55366.60067782515,1095574381898.4564,51271942782.90713,bitcoin
2024-07-05 13:07:44.096,54936.95011602988,1086167432195.0955,57467708943.228325,bitcoin
2024-07-05 14:06:45.460,55737.7791459337,1100017982820.2788,56498331447.41799,bitcoin
2024-07-05 15:09:28.920,55994.59616618292,1098549897358.0745,57443428812.37593,bitcoin
2024-07-05 16:05:18.173,56504.436037084044,1112034553472.855,58083333526.73558,bitcoin
2024-07-05 17:03:47.930,56409.59452028133,1112370183744.1726,55924245854.51026,bitcoin
2024-07-05 18:08:41.222,56281.63515255188,1116115321972.5374,60784512507.67495,bitcoin
2024-07-05 19:03:52.933,56591.298063439535,1115953290579.2554,61596173419.13838,bitcoin
2024-07-05 20:01:08.843,56509.933539596364,1117366100194.9453,60784668274.98865,bitcoin
2024-07-05 21:08:56.403,56438.716344729,1111429709801.799,62055662488.86088,bitcoin
2024-07-05 22:00:41.274,56553.24477868303,1118787081444.2695,62181942691.86496,bitcoin
2024-07-05 23:10:01.932,56698.72907688161,1116252887929.8042,61399786262.508514,bitcoin
2024-07-06 00:04:37.161,56629.385370653035,1118490666778.4585,60093024057.19495,bitcoin
2024-07-06 01:03:27.251,56608.03289117455,1116284029270.6348,53370409790.01048,bitcoin
2024-07-06 02:08:15.167,56285.31824253886,1109199123830.1265,52299458001.57686,bitcoin
2024-07-06 03:08:03.163,56467.29897438971,1112591970558.439,53484469100.25505,bitcoin
2024-07-06 04:02:46.685,56394.706658808456,1112036060021.334,46129432396.92062,bitcoin
2024-07-06 05:11:09.734,56131.69308214469,1106067751767.7837,44381456055.63612,bitcoin
2024-07-06 06:04:13.533,56361.79921082392,1113038533984.6355,43161206010.62605,bitcoin
2024-07-06 07:08:57.558,56539.98696171798,1113332241735.4275,41137472175.15574,bitcoin
2024-07-06 08:10:00.493,56572.92694465827,1115953131869.1597,39129847490.005226,bitcoin
2024-07-06 09:01:05.288,56541.904109523944,1114441249600.4211,35819381748.16882,bitcoin
2024-07-06 10:10:46.378,56863.12735940271,1117885915489.376,36829061437.47942,bitcoin
2024-07-06 11:01:34.650,56790.46071398649,1119450840284.8914,27863704120.414154,bitcoin
2024-07-06 12:03:29.122,56748.36685107091,1118409063275.007,30147895800.20986,bitcoin
2024-07-06 13:04:07.823,56756.245179941834,1115093839697.9197,30159825025.87499,bitcoin
2024-07-06 14:05:13.819,57062.742343744445,1126085365261.9824,28407783122.624672,bitcoin
2024-07-06 15:01:41.419,57083.40536437106,1122786674440.9702,25305070239.899986,bitcoin
2024-07-06 16:02:25.467,57366.77809389919,1130947653574.4578,25448997535.438812,bitcoin
2024-07-06 17:05:45.600,57810.765009932824,1143536596048.3477,22362232775.659912,bitcoin
2024-07-06 18:09:38.468,57947.06170135348,1141959987289.9343,21606880030.98832,bitcoin
2024-07-06 19:05:25.418,57813.343724905506,1139462912379.5518,15872601467.747604,bitcoin
2024-07-06 20:01:53.571,57866.75874984947,1141108409975.3916,21415409220.79189,bitcoin
2024-07-06 21:01:38.531,57985.690853238055,1142893931972.9202,21111094972.65006,bitcoin
2024-07-06 22:00:52.289,57901.975234448684,1141567018593.9146,19624979409.6278,bitcoin
2024-07-06 23:08:40.525,58118.23158999541,1146229243519.521,19503549422.767456,bitcoin
2024-07-07 00:05:00.058,58336.39320841542,1147176330416.144,19881710912.92408,bitcoin
2024-07-07 01:04:23.205,57930.589817731445,1142368232761.5063,20612308105.813934,bitcoin
2024-07-07 02:07:44.365,58217.86704538009,1145943546585.5972,20122046441.08164,bitcoin
2024-07-07 03:05:38.816,58367.63476849108,1150450700047.6956,20142143470.897156,bitcoin
2024-07-07 04:08:08.217,57961.16938566457,1142558141423.1182,18029030340.313602,bitcoin
2024-07-07 05:02:56.333,57602.53656933289,1135900016978.2751,21071307837.373722,bitcoin
2024-07-07 06:01:29.147,57614.244419987604,1137560730057.5093,21007046219.494957,bitcoin
2024-07-07 07:07:12.674,57698.3289289013,1136620709151.1313,20545728951.77947,bitcoin
2024-07-07 08:07:55.557,57477.74226329975,1131141523655.5027,20994997475.935192,bitcoin
2024-07-07 09:08:32.264,57660.391301077514,1137065315969.74,18627632745.504944,bitcoin
2024-07-07 10:07:52.807,57729.20597341802,1138939310787.5938,20878402457.10481,bitcoin
2024-07-07 11:04:26.259,57485.89154547834,1133724835564.6477,20573719490.619377,bitcoin
2024-07-07 12:07:47.903,57414.5867866749,1131297652254.092,20773838537.881397,bitcoin
2024-07-07 13:06:05.450,57309.967428440556,1129805533232.9363,20696696327.57899,bitcoin
2024-07-07 14:08:48.625,56741.41303442024,1119939010467.6853,21012748346.32637,bitcoin
2024-07-07 15:08:39.068,56848.64612147306,1120122995275.3044,21204263016.706238,bitcoin
2024-07-07 16:09:02.967,56809.69911110347,1120108254652.013,15368772225.439892,bitcoin
2024-07-07 17:01:53.380,57108.63346902946,1126062119185.507,19547631665.833138,bitcoin
2024-07-07 18:01:46.842,57238.73383879574,1122474967525.0046,19577352716.160576,bitcoin
2024-07-07 19:10:46.759,57057.44481551815,1127091109605.1587,19497602240.27211,bitcoin
2024-07-07 20:12:04.192,57093.86317750543,1125869571661.7156,19296555716.536892,bitcoin
2024-07-07 21:01:36.649,57296.96660345792,1129033442501.9893,19075392042.2138,bitcoin
2024-07-07 22:09:36.537,56809.94416008742,1116473483112.4448,19862428308.776398,bitcoin
2024-07-07 23:08:16.557,56389.651047822634,1112049528335.0774,18546068056.34126,bitcoin
2024-07-08 00:09:41.513,55665.50758753673,1100452083927.7026,20693720369.153324,bitcoin
2024-07-08 01:07:47.667,54694.86459884712,1086632966076.6039,22209771066.763905,bitcoin
2024-07-08 02:09:33.949,55213.38815490327,1086719086455.8502,25407825221.260754,bitcoin
2024-07-08 03:05:05.174,55396.519708519016,1092399979870.097,26054867163.62536,bitcoin
2024-07-08 04:08:29.725,55025.22260368881,1088150371005.8889,25665659234.904297,bitcoin
2024-07-08 05:08:46.003,55785.061610609024,1094561071196.3287,26295431784.155445,bitcoin
2024-07-08 06:09:56.571,55354.01899007526,1092585066798.7085,24716385867.655582,bitcoin
2024-07-08 07:11:26.913,55578.32904619587,1096500179553.161,25084847748.468353,bitcoin
2024-07-08 08:02:47.435,55870.11485741787,1100669500701.769,24923428946.165714,bitcoin
2024-07-08 09:03:54.632,57830.63033797767,1140400310019.9744,24979797727.23587,bitcoin
2024-07-08 10:00:26.546,57543.02710593034,1133586344043.5762,32324463188.23584,bitcoin
2024-07-08 11:09:35.831,57098.05571310766,1120039686943.397,33984720162.550488,bitcoin
2024-07-08 12:00:46.474,57174.52369637582,1127159543067.655,15830792483.386812,bitcoin
2024-07-08 13:05:22.997,57113.30392938364,1125255324241.337,32376071122.792248,bitcoin
2024-07-08 14:11:09.981,57174.761027458735,1127466790867.976,34331469764.93741,bitcoin
2024-07-08 15:08:30.189,56147.667667750386,1108674389618.6284,38840091724.50182,bitcoin
2024-07-08 16:07:59.771,55900.07293813785,1098423356321.599,40238977158.31032,bitcoin
2024-07-08 16:22:25.000,55677.00568813347,1096458391711.6465,40303927371.27824,bitcoin
2024-07-01 17:11:44.831,3462.809329545799,416088381546.8828,11561898923.748356,ethereum
2024-07-01 18:00:12.199,3484.3632943572984,418357227067.4155,11851690866.068302,ethereum
2024-07-01 19:07:25.949,3472.437252802882,417964246672.1112,12002658994.109064,ethereum
2024-07-01 20:01:53.575,3467.8611007918225,416799951674.1995,12328949190.936583,ethereum
2024-07-01 21:05:40.701,3463.1609335559783,416235041656.2309,12010067314.650698,ethereum
2024-07-01 22:06:27.008,3456.821379825589,415549306038.3297,11974776153.065018,ethereum
2024-07-01 23:00:45.031,3435.6948514615888,413122110788.56793,11799551736.9981,ethereum
2024-07-02 00:04:39.707,3441.0957866746658,413087026853.55963,11844927571.819813,ethereum
2024-07-02 01:02:48.039,3441.2833414421384,413434835487.4472,11903092334.258238,ethereum
2024-07-02 02:06:55.486,3446.610573811744,414081644481.92334,10622575844.241215,ethereum
2024-07-02 03:11:42.686,3448.1082845730157,414396690923.3351,9994387896.57355,ethereum
2024-07-02 04:07:14.916,3453.9086141802536,415449253942.7073,9131172162.667921,ethereum
2024-07-02 05:09:47.734,3449.7715465543274,414700952924.1572,9865230863.753496,ethereum
2024-07-02 06:08:31.343,3451.1356847797356,414906488485.49976,9866307114.429178,ethereum
2024-07-02 07:10:29.626,3442.3075743269537,413860141869.49915,9895210591.07179,ethereum
2024-07-02 08:09:01.302,3435.1986480509136,412821251155.77026,9913435149.371904,ethereum
2024-07-02 09:06:33.667,3436.4744023593876,413137328148.3645,9159281069.871845,ethereum
2024-07-02 10:02:47.647,3443.478613056289,413924561717.2781,9764835847.732832,ethereum
2024-07-02 11:11:59.599,3445.345989360002,414101038765.48047,9813951193.88929,ethereum
2024-07-02 12:04:24.982,3449.1646263632865,414546737821.1685,9660117101.001705,ethereum
2024-07-02 13:10:09.227,3445.4850133524383,414350196628.0947,8985666693.625618,ethereum
2024-07-02 14:10:22.611,3435.820139786857,412558324720.0427,9517723560.208178,ethereum
2024-07-02 15:11:46.355,3412.0752465491983,409886653515.85297,10124306619.464964,ethereum
2024-07-02 16:00:41.310,3414.7213781369605,410370722050.8326,9785695207.998804,ethereum
2024-07-02 17:02:50.614,3411.8971422999275,410080774224.31104,9829040806.66446,ethereum
2024-07-02 18:08:55.912,3420.6898653694725,410656861222.9752,8333059369.706807,ethereum
2024-07-02 19:13:40.383,3420.809910449719,411701388919.57697,9259127344.18211,ethereum
2024-07-02 20:08:29.738,3410.359475120943,410254688693.85846,9133759034.309713,ethereum
2024-07-02 21:08:44.009,3415.0344934915433,410373648590.8163,9011841002.791117,ethereum
2024-07-02 22:03:24.570,3417.0249665346596,411194110687.9442,9107346990.555258,ethereum
2024-07-02 23:05:30.448,3421.1594739100515,410343319087.6255,8597238606.570108,ethereum
2024-07-03 00:09:15.320,3417.451942762224,410850514007.59125,8596581619.331047,ethereum
2024-07-03 01:01:52.292,3417.9684344606144,411639505762.6704,8571038138.477864,ethereum
2024-07-03 02:07:59.087,3380.7941845039813,405668840006.7576,9011487397.246529,ethereum
2024-07-03 03:09:00.916,3375.60365954577,405952921347.79926,9398851110.684668,ethereum
2024-07-03 04:07:20.467,3346.8925459852826,403411075024.1822,10260684277.973354,ethereum
2024-07-03 05:08:54.043,3355.697858701973,403304321632.43835,9934719472.920639,ethereum
2024-07-03 06:10:53.080,3364.5065581983017,404003357098.5972,9987874272.741129,ethereum
2024-07-03 07:09:53.258,3364.345466144021,404534279121.34717,10000566762.049582,ethereum
2024-07-03 08:06:21.204,3349.3040956499185,402646389534.38745,9930893494.615774,ethereum
2024-07-03 09:07:47.125,3336.185684344295,400602912717.09393,10536716367.91265,ethereum
2024-07-03 10:03:01.401,3336.9382962810814,401485720172.19653,10445942511.200987,ethereum
2024-07-03 11:07:08.694,3303.0092691111304,397764724424.6146,11691105101.769903,ethereum
2024-07-03 12:01:53.312,3305.172874739768,397071830012.86017,12122670049.112354,ethereum
2024-07-03 13:09:56.027,3280.449147083121,394701924578.0538,12846296277.18846,ethereum
2024-07-03 14:04:56.026,3312.451582887986,398135084373.4905,13042010937.540781,ethereum
2024-07-03 15:04:57.750,3303.8874494357565,397891153446.94684,13023585013.598207,ethereum
2024-07-03 16:03:37.159,3298.0541827554057,395953315903.1314,12850359588.968283,ethereum
2024-07-03 17:11:25.906,3308.434958410074,397652312298.0672,13096274982.730042,ethereum
2024-07-03 18:06:48.926,3301.8346019096,395634059009.4918,13457423911.728655,ethereum
2024-07-03 19:06:43.840,3299.207026296987,396878616293.75604,12272612388.41775,ethereum
2024-07-03 20:10:35.372,3269.1105671271143,392451263010.5761,15017337054.72317,ethereum
2024-07-03 21:09:15.769,3254.1430521241377,391523176243.3594,15428797681.064358,ethereum
2024-07-03 22:10:50.187,3295.740562122602,396240960212.63544,15641054455.022253,ethereum
2024-07-03 23:08:19.119,3296.574485551058,396226760786.0608,15724206606.822176,ethereum
2024-07-04 00:08:50.788,3296.522915227887,395971730267.60034,15649520903.284525,ethereum
2024-07-04 01:04:10.643,3304.422004761966,397341964830.5505,15022072487.797901,ethereum
2024-07-04 02:02:01.149,3226.0421923718927,387002531477.0876,14162899010.432287,ethereum
2024-07-04 03:09:06.898,3231.793615855563,387642955631.3526,18340847120.771984,ethereum
2024-07-04 04:00:01.944,3236.4582288098736,388809477501.8778,18027115041.356876,ethereum
2024-07-04 05:09:57.614,3231.179995750768,388897080574.7154,17739949316.733604,ethereum
2024-07-04 06:05:17.153,3221.8940340494214,387168266191.81177,17683053096.846058,ethereum
2024-07-04 07:07:02.394,3203.7648180108326,385591220612.22034,18527160026.494473,ethereum
2024-07-04 08:03:13.920,3175.174237116585,382018344535.0013,18901467923.102474,ethereum
2024-07-04 09:05:37.712,3164.9228703893104,380729818974.87354,19510197846.706127,ethereum
2024-07-04 10:09:55.177,3150.986784709482,380037256478.4438,20253716963.99758,ethereum
2024-07-04 11:08:38.572,3166.826159749022,380753572948.0664,17868177245.77097,ethereum
2024-07-04 12:06:08.265,3150.4864771950165,379039774221.08514,19394227798.30108,ethereum
2024-07-04 13:03:58.726,3129.5791962898347,376574568367.017,17574553423.63589,ethereum
2024-07-04 14:05:21.896,3122.8321432711564,375349235236.8451,18690042691.890713,ethereum
2024-07-04 15:03:55.618,3119.852276186266,374991069706.29266,19068498964.737137,ethereum
2024-07-04 16:03:33.606,3135.0999528385905,376823766280.43317,21197646873.335968,ethereum
2024-07-04 17:09:50.953,3137.8214904824836,377261253351.7848,21422351179.18705,ethereum
2024-07-04 18:00:20.124,3136.3735286678134,376635177632.97235,20866657761.70436,ethereum
2024-07-04 19:00:51.886,3126.957798760911,375964888026.6601,20752057437.54553,ethereum
2024-07-04 20:00:59.567,3135.847503863296,376805747742.79224,20018680507.715134,ethereum
2024-07-04 21:03:41.644,3140.359904151201,377455986845.61,19839473398.038097,ethereum
2024-07-04 22:02:07.774,3159.1556123227865,379044850676.1769,20244478393.608307,ethereum
2024-07-04 23:03:42.794,3123.0034421471823,375355485269.7682,19995095548.11312,ethereum
2024-07-05 00:08:26.379,3060.124943770415,367008061943.9714,21334559951.780132,ethereum
2024-07-05 01:10:45.210,3101.1483247417837,372934394795.2836,22714989899.03453,ethereum
2024-07-05 02:07:27.736,3083.962005186962,372066366225.5952,21028902986.00168,ethereum
2024-07-05 03:02:53.889,2992.1185275645794,359643215837.70184,21643515448.069256,ethereum
2024-07-05 04:02:55.189,2917.7367321578004,350702758481.6726,25081946971.636612,ethereum
2024-07-05 05:00:35.301,2883.638781135447,346942189331.93207,27020181653.79858,ethereum
2024-07-05 06:02:41.289,2897.281191229299,348608561537.8875,29350677833.145775,ethereum
2024-07-05 07:07:25.587,2858.89139095493,343867141030.90106,29828326555.858906,ethereum
2024-07-05 08:00:26.099,2880.34632360311,345174185066.6071,28108355087.19577,ethereum
2024-07-05 09:09:35.715,2847.0177532960734,342549248475.13696,29961811190.91446,ethereum
2024-07-05 10:02:37.898,2881.128501575783,346302564555.0767,30438782593.36575,ethereum
2024-07-05 11:01:36.722,2914.0098847914933,350254803175.2878,28846849837.45941,ethereum
2024-07-05 12:01:30.691,2943.6665278255355,354608155868.487,29197212050.239594,ethereum
2024-07-05 13:10:01.219,2931.218302681453,353112885791.06964,32304356837.589672,ethereum
2024-07-05 14:07:12.336,2964.5275168349326,357276862023.3194,31961684759.7293,ethereum
2024-07-05 15:10:18.248,2970.2172358287453,354987477610.6519,31833897892.39069,ethereum
2024-07-05 16:04:31.177,2986.441541029216,359403696261.575,32383353274.010986,ethereum
2024-07-05 17:02:43.946,2967.589720876943,356694930588.7939,32406610817.00956,ethereum
2024-07-05 18:05:12.498,2989.140671767621,358942279623.2788,32503226218.093597,ethereum
2024-07-05 19:07:40.817,2988.281493334204,359718617143.7552,32429323523.297916,ethereum
2024-07-05 20:10:03.936,2982.4783589761064,358478842474.83417,32859761380.939503,ethereum
2024-07-05 21:07:31.040,2976.0345490149452,357488428861.8816,32376340846.47081,ethereum
2024-07-05 22:09:43.985,2973.574617808096,359363871915.4909,29868100187.782295,ethereum
2024-07-05 23:10:08.849,2978.9636291587935,357965224083.9754,32378848770.947296,ethereum
2024-07-06 00:08:42.855,2977.4702351415144,358878418412.549,31289717046.661446,ethereum
2024-07-06 01:09:49.359,2973.567892305648,359154020228.77924,30350534107.258747,ethereum
2024-07-06 02:07:35.755,2963.527780713229,356150640450.8499,29322662486.472286,ethereum
2024-07-06 03:07:47.749,2982.2105195663853,358120440717.35425,26816854729.659573,ethereum
2024-07-06 04:06:05.095,2979.9309538382636,358180311867.49414,22580165650.343056,ethereum
2024-07-06 05:03:15.295,2964.5585574339316,356335113228.71985,21535847579.411854,ethereum
2024-07-06 06:04:56.531,2971.848793583622,357612566868.14215,19633590364.768658,ethereum
2024-07-06 07:01:42.557,2992.207149615109,359302654760.6168,18790534119.927658,ethereum
2024-07-06 08:08:37.513,3003.506717977099,361180586046.9666,18291888077.746033,ethereum
2024-07-06 09:18:08.123,2993.646693638832,359979585222.5299,17223511521.209473,ethereum
2024-07-06 10:08:07.807,3004.1486391967173,360806025035.53174,16658945538.476803,ethereum
2024-07-06 11:03:14.641,3012.4137146202884,361647624605.9016,15897199278.91707,ethereum
2024-07-06 12:01:53.156,3007.923610164354,361327273904.87085,14981211560.408484,ethereum
2024-07-06 13:03:15.250,3003.0788812213113,359856141662.34326,13927144110.10419,ethereum
2024-07-06 14:00:33.305,3015.508570168413,361873258789.7384,13419840167.701653,ethereum
2024-07-06 15:01:43.857,3014.255320657002,361674087449.1563,11548719525.915464,ethereum
2024-07-06 16:03:40.758,3023.3266002093037,363604312912.1305,12231759834.701786,ethereum
2024-07-06 17:05:48.138,3048.7900988421925,367565690647.15656,11859028012.274027,ethereum
2024-07-06 18:01:00.307,3053.357647602936,366780589115.4696,11832423470.59848,ethereum
2024-07-06 19:05:16.643,3056.107423371261,367362069122.0256,11184106880.361496,ethereum
2024-07-06 20:04:20.313,3058.7506383196746,367656848035.91565,11167684872.254921,ethereum
2024-07-06 21:00:52.254,3063.1247595516847,368055264337.07043,11184547632.839222,ethereum
2024-07-06 22:00:58.904,3060.0535257116644,368104865389.8221,11281749593.93756,ethereum
2024-07-06 23:08:43.723,3063.212081286027,368699685001.1752,11159094390.095543,ethereum
2024-07-07 00:10:28.557,3060.252141289412,368279414918.9943,10931542404.724466,ethereum
2024-07-07 01:05:46.426,3048.9187307972147,367117796029.07214,10539419731.19556,ethereum
2024-07-07 02:08:24.652,3058.546687060087,367527383582.52954,10216266474.557396,ethereum
2024-07-07 03:05:48.778,3067.0634091439088,368663343193.92,10222643276.503696,ethereum
2024-07-07 04:08:59.221,3049.8714105697773,366673388942.34326,10169116572.546799,ethereum
2024-07-07 05:00:48.692,3026.415599923131,364801530572.99457,10482066521.983608,ethereum
2024-07-07 06:01:20.721,3027.971695937969,364265679152.157,10313419645.153109,ethereum
2024-07-07 07:06:14.653,3030.0806042986687,364114567308.2118,10024898346.865467,ethereum
2024-07-07 08:07:54.979,3009.6982686531205,361109808520.21655,10279497952.280722,ethereum
2024-07-07 09:01:07.702,3014.2008518310654,362309223794.0302,10054537087.16977,ethereum
2024-07-07 10:08:50.539,3015.0826164912664,362486017616.0672,9538349798.861147,ethereum
2024-07-07 11:00:36.932,3011.826349644587,361895575365.1786,9814454926.443121,ethereum
2024-07-07 12:07:31.863,3013.998753971909,361954273582.3947,9521548294.519823,ethereum
2024-07-07 13:03:29.100,3008.8789508582913,361281131982.7536,9694979248.865143,ethereum
2024-07-07 14:09:10.734,2967.2880452574577,357089967687.44275,9879355476.36784,ethereum
2024-07-07 15:08:45.764,2966.7016286626604,356415036317.0482,9982087735.019659,ethereum
2024-07-07 16:04:59.760,2969.24180027142,356660497079.2848,10072535146.637896,ethereum
2024-07-07 17:02:10.925,2990.4153193082516,359148999401.2522,9652313186.431808,ethereum
2024-07-07 18:01:50.477,2996.6722758038504,358768308450.0576,9543033808.208889,ethereum
2024-07-07 19:10:43.501,2984.4473092597495,359109283391.9848,9359848336.230217,ethereum
2024-07-07 20:12:54.257,2983.031600086523,358562656142.79175,9323374737.571533,ethereum
2024-07-07 21:02:12.007,2996.304035412186,360097395623.5721,9213921185.013632,ethereum
2024-07-07 22:08:29.991,2969.7088218753443,355866451287.34094,9895968238.258495,ethereum
2024-07-07 23:08:18.892,2938.3684281825986,353245170221.2731,8706043922.320944,ethereum
2024-07-08 00:10:49.246,2927.2717943174675,351847099756.408,10235473405.110188,ethereum
2024-07-08 01:08:11.911,2865.7657606661246,346787607269.0214,11189244069.139616,ethereum
2024-07-08 02:10:03.435,2873.6169063351695,344656294294.8696,12719839699.802189,ethereum
2024-07-08 03:05:20.664,2891.0562747569584,347568062777.8071,12953041655.836512,ethereum
2024-07-08 04:07:57.231,2875.7664470886893,346260491818.73236,13171553320.441277,ethereum
2024-07-08 05:08:49.488,2921.778986520433,350122749619.67065,13522485611.886103,ethereum
2024-07-08 06:09:23.899,2909.8606151525596,350109827128.4173,13705400246.41546,ethereum
2024-07-08 07:11:27.103,2909.086850301101,350223478109.09534,14003089195.44116,ethereum
2024-07-08 08:03:45.347,2927.3757494089336,351428800082.5312,12501899986.630213,ethereum
2024-07-08 09:09:12.151,3074.066452546591,367398425981.3543,15923851123.913895,ethereum
2024-07-08 10:01:07.992,3050.604795509033,367367047734.28284,15421103978.126892,ethereum
2024-07-08 11:07:31.947,3033.507574953478,363323680782.3965,17521438918.6685,ethereum
2024-07-08 12:11:32.464,3048.122695343749,366699163248.5295,18036389354.95572,ethereum
2024-07-08 13:06:16.207,3044.9723714697316,365497803728.2381,18235730714.96262,ethereum
2024-07-08 14:05:23.840,3039.6367456441303,363383763090.4992,18554047641.060238,ethereum
2024-07-08 15:04:23.205,2970.840510221432,358651768229.36664,17032817489.229023,ethereum
2024-07-08 16:07:50.163,2978.072120825478,356264415113.88696,21444525118.904457,ethereum
2024-07-08 16:29:57.000,2964.8092469513463,356024801372.32837,21228432269.145985,ethereum
2024-07-01 17:02:44.491,0.9985535030998542,112720781684.59586,39397335329.99618,tether
2024-07-01 18:04:39.540,0.9994400857453556,112829669512.2444,37555464436.24996,tether
2024-07-01 19:05:15.899,0.9989495646598144,112758600264.9183,40341047515.60961,tether
2024-07-01 20:04:24.241,0.9991344986826013,112732101950.0571,41719838863.28555,tether
2024-07-01 21:04:29.530,0.9988588006021311,112771979252.79105,39970820310.23667,tether
2024-07-01 22:08:18.869,0.9990801107880897,112770402244.36671,22909314726.57191,tether
2024-07-01 23:11:06.843,0.9989671958776181,112779899848.86385,23304658718.880386,tether
2024-07-02 00:04:01.574,0.9994265568259688,112763737088.27277,28492017230.41801,tether
2024-07-02 01:01:58.566,0.9989767955135251,112674839145.71529,38441498193.657455,tether
2024-07-02 02:08:48.681,0.9992384804389425,112678698416.36052,32668809652.205894,tether
2024-07-02 03:04:43.530,0.9986625571092331,112703192385.42389,33916331622.705482,tether
2024-07-02 04:11:40.597,0.9991508854228895,112660643170.42607,34125822728.51799,tether
2024-07-02 05:11:59.670,0.9987662929176477,112561668946.6176,32504558665.017193,tether
2024-07-02 06:02:52.751,0.9988052401441229,112655925088.38774,29784298406.12114,tether
2024-07-02 07:05:25.507,0.9986458630804672,112654285217.29427,29314015056.932358,tether
2024-07-02 08:06:21.577,0.9986743462972213,112637818899.96675,33620933906.77851,tether
2024-07-02 09:07:07.613,0.9982823371450604,112615983331.77199,31283527189.10025,tether
2024-07-02 10:02:33.242,0.9988300639382505,112655381877.84319,34759193559.00989,tether
2024-07-02 11:01:34.448,0.9983110650325526,112635970714.00163,33114631224.7023,tether
2024-07-02 12:10:41.769,0.9984554821994805,112600204895.05176,32373226451.114113,tether
2024-07-02 13:03:30.658,0.9983477438900287,112758230109.98349,31613908580.627914,tether
2024-07-02 14:05:56.723,0.9983354994007224,112726372044.35733,33900622897.18397,tether
2024-07-02 15:06:35.084,0.9991055227096995,112686450138.81125,35174693339.1723,tether
2024-07-02 16:11:49.767,0.9973745598809869,112660040369.2189,30131129303.178226,tether
2024-07-02 17:06:58.726,0.9988203392819268,112594836392.51517,15601330170.804024,tether
2024-07-02 18:08:10.711,0.9994006395227057,112622003296.16661,27366648091.85183,tether
2024-07-02 19:13:35.088,0.9982717560478221,112628135928.77928,32062600863.2578,tether
2024-07-02 20:13:56.507,0.9981398545139439,112609719962.76697,32791595553.104477,tether
2024-07-02 21:05:14.330,0.9985139155116328,112595779611.32748,32991969164.51145,tether
2024-07-02 22:04:53.916,0.9981370814854197,112650496375.96008,33115068950.33932,tether
2024-07-02 23:06:54.773,0.9988275695511715,112664738079.97803,32484177521.586063,tether
2024-07-03 00:05:12.609,0.9984479834016884,112645772763.98341,27093904122.598083,tether
2024-07-03 01:02:00.225,0.9979603959299044,112619949373.12231,31135007476.424736,tether
2024-07-03 02:00:37.570,0.9983131200646371,112633753688.53023,32729135043.639637,tether
2024-07-03 03:02:35.772,0.9984744528900799,112584090042.59477,23726457178.925404,tether
2024-07-03 04:06:59.221,0.9983157938794168,112627118746.07338,33398418193.183006,tether
2024-07-03 05:09:28.341,0.9987255540219104,112643594482.80934,36006680894.18132,tether
2024-07-03 06:06:48.880,0.9984028734253195,112642339720.04568,36414512393.552925,tether
2024-07-03 07:06:53.005,0.9985529170969971,112633477908.34264,35559143769.35619,tether
2024-07-03 08:03:12.139,0.9985988085547226,112427008515.75911,35286577330.528206,tether
2024-07-03 09:07:40.388,0.9981096792839499,112382238653.93866,33936800310.8962,tether
2024-07-03 10:10:04.387,0.9988197858046113,112483132286.5836,37155334448.52662,tether
2024-07-03 11:06:43.414,0.9988226947161933,112504885766.27715,29131345641.973724,tether
2024-07-03 12:10:16.413,0.9976571346043388,112573202794.22498,37172688421.870514,tether
2024-07-03 13:10:26.770,0.9981704273849268,112461513658.43842,25464864754.884975,tether
2024-07-03 14:04:15.794,0.9985288786038297,112479058989.99474,44134271382.42741,tether
2024-07-03 15:00:29.296,0.998129061625513,112539427704.13554,41487817633.54328,tether
2024-07-03 16:11:37.892,0.999064160769514,112436276946.23718,38886571937.517044,tether
2024-07-03 17:08:32.260,0.9988817192449914,112501673754.49664,43129539463.38474,tether
2024-07-03 18:06:01.450,0.9992693565487674,112513399542.02303,37213917262.97534,tether
2024-07-03 19:02:29.377,0.9985337523672602,112456315842.81757,39883792883.72101,tether
2024-07-03 20:10:37.407,0.9981793603450113,112500985244.88916,33413555327.98521,tether
2024-07-03 21:04:03.760,0.9978706461313986,112404912542.47362,46915649417.20938,tether
2024-07-03 22:11:22.577,0.9987747183763992,112594019686.67789,47821324166.203926,tether
2024-07-03 23:09:07.573,0.9986593179456431,112493752300.06,35981407252.374504,tether
2024-07-04 00:03:44.690,0.9981854788091093,112523154794.54384,41860927416.763435,tether
2024-07-04 01:07:03.957,0.9990246174893562,112373964241.49179,44239353379.84376,tether
2024-07-04 02:03:47.647,0.9989918829557124,112143530876.67326,42046906354.22152,tether
2024-07-04 03:05:29.973,0.9989468090694981,112340696134.14856,49457667607.00933,tether
2024-07-04 04:01:16.033,0.9992456797553401,112382877632.2343,53333416648.284874,tether
2024-07-04 05:09:58.930,0.9987935235911305,112434990904.19427,56514946910.57407,tether
2024-07-04 06:03:36.757,0.9993690724057125,112436585595.32536,51946263080.61724,tether
2024-07-04 07:03:51.693,0.9987155704313939,112296695611.97882,56567516539.71696,tether
2024-07-04 08:02:34.541,0.9986724702061377,112308181233.91502,52747074440.3391,tether
2024-07-04 09:02:25.792,0.9982077203908072,112283271034.44357,61095093921.49779,tether
2024-07-04 10:01:21.311,0.9989083565316601,112432866966.88634,60114392893.17023,tether
2024-07-04 11:01:24.762,0.9999060547982729,112434175168.48315,56747790904.077194,tether
2024-07-04 12:05:53.101,0.9991940828066781,112417080020.62526,54450467578.241486,tether
2024-07-04 13:00:29.561,0.998520600611451,112253924870.86024,57986835456.62096,tether
2024-07-04 14:05:43.953,1.001034563512229,112368668041.12402,56222889156.580475,tether
2024-07-04 15:03:39.900,0.9994470893210579,112456282182.4118,47810665116.32849,tether
2024-07-04 16:03:33.902,0.9992626539827245,112401935108.06766,56668733626.47277,tether
2024-07-04 17:07:55.707,0.9993313172025098,112441382877.41992,52063494192.508224,tether
2024-07-04 18:08:32.918,0.9994321683863362,112424734045.8808,55784315306.19649,tether
2024-07-04 19:09:51.120,0.9993660069862421,112447271465.04755,58598757334.79351,tether
2024-07-04 20:10:12.609,0.9991936590769108,112430432955.85066,60961045439.78311,tether
2024-07-04 21:09:23.895,0.9994207563409352,112436463567.72275,53970643412.28198,tether
2024-07-04 22:02:04.797,0.9996456569554879,112422742855.17192,63204703145.88055,tether
2024-07-04 23:02:34.870,0.99929068056285,112461494239.02014,59151534119.44134,tether
2024-07-05 00:09:46.164,0.9964625298525628,112086963494.22968,41949448978.268456,tether
2024-07-05 01:09:12.641,0.998830804761255,112460088269.96149,43413553108.88242,tether
2024-07-05 02:08:41.094,0.9986041602866682,112434134139.90627,59145218794.2523,tether
2024-07-05 03:06:53.962,0.9978365754530346,112371725725.89532,58979712652.03436,tether
2024-07-05 04:02:26.376,0.9990676808722849,112447264829.7574,69697486375.94476,tether
2024-07-05 05:09:44.853,0.9994000743650681,112402262770.38957,81453272086.091,tether
2024-07-05 06:09:01.433,0.9977577486859713,112569421370.95166,64433821098.62472,tether
2024-07-05 07:03:17.712,1.000088506113212,112493321429.5318,85818297546.43474,tether
2024-07-05 08:03:14.290,1.0004963001137088,112502448788.6605,79468237349.799,tether
2024-07-05 09:10:22.088,0.9991557594957429,112223106241.20224,79474847555.18005,tether
2024-07-05 10:08:49.609,0.998912289476813,112456993081.51453,74863303318.453,tether
2024-07-05 11:09:59.954,1.001944925095949,112441254487.88094,61800785228.07887,tether
2024-07-05 12:07:02.129,0.9987189213379107,112631294497.12253,79005079941.52138,tether
2024-07-05 13:09:02.035,0.9991652605534537,112204485785.30588,92551441426.71022,tether
2024-07-05 14:04:07.820,1.000741481105862,112307693457.17096,83804108618.62317,tether
2024-07-05 15:07:54.844,1.0020038032749201,112369712851.28185,92653386646.80235,tether
2024-07-05 16:01:50.282,1.0000790848034575,112243626379.38983,56802733064.55703,tether
2024-07-05 17:00:21.320,0.9999195824747665,112274448287.65161,93092137852.15744,tether
2024-07-05 18:07:27.640,0.9996901835370814,112287675200.1752,70243397930.04497,tether
2024-07-05 19:08:33.988,1.0001711971804896,112295028314.94708,94367467163.21292,tether
2024-07-05 20:02:13.665,0.9998720435895473,112315228724.36232,88946321215.29987,tether
2024-07-05 21:03:56.023,1.0000669367890391,112314248145.83278,95178870312.75609,tether
2024-07-05 22:06:37.673,0.9993539342628126,112228736538.41083,92556072794.37613,tether
2024-07-05 23:09:03.959,1.0005519714195263,112259025484.23378,64848530144.20779,tether
2024-07-06 00:04:05.543,1.0003636009107908,112325747935.35878,80934563648.50896,tether
2024-07-06 01:01:16.145,0.999490306576865,112065014219.39124,87283398120.3433,tether
2024-07-06 02:07:36.826,1.0000995118006915,112208293776.0316,89689119429.2885,tether
2024-07-06 03:05:28.570,0.9996446252337641,112215867674.873,68878177063.86075,tether
2024-07-06 04:04:24.040,0.9999544436055589,112263006817.8911,73322812960.90317,tether
2024-07-06 05:11:16.724,1.0017326243454896,112324125374.23088,37126871550.971,tether
2024-07-06 06:04:03.018,0.9998603253667844,112223666329.03165,65763531984.26637,tether
2024-07-06 07:02:23.119,1.0002190077933173,112174226012.92055,53503714219.10538,tether
2024-07-06 08:04:29.777,1.0003342853293398,112229020246.82733,46710304097.4019,tether
2024-07-06 09:01:57.781,1.0001025734820705,112221276889.48503,38704037954.891754,tether
2024-07-06 10:09:49.546,1.0005731963903473,112306492080.97214,56261765743.79629,tether
2024-07-06 11:08:11.729,0.9999455187477942,112231719980.68553,52137193852.73269,tether
2024-07-06 12:09:42.330,1.000359040896874,112219183626.31482,33463798570.2734,tether
2024-07-06 13:09:50.813,0.9998172289126408,112337116243.55765,46374597610.726234,tether
2024-07-06 14:10:01.605,0.9999836449397511,112322120970.47609,33003593212.921844,tether
2024-07-06 15:01:40.476,1.0003716665520994,112578988519.70996,32018865699.58001,tether
2024-07-06 16:02:19.108,1.001107229697802,112348047269.09804,41674720141.954506,tether
2024-07-06 17:05:43.983,0.9998558681604659,112330783015.53627,32849521589.06545,tether
2024-07-06 18:02:02.999,1.0001456732975726,112257595796.83409,31442687928.279495,tether
2024-07-06 19:05:48.336,1.0005625675368122,112240001015.37164,26378153281.18237,tether
2024-07-06 20:02:02.144,1.0003748287131775,112228999345.2384,36429936543.44546,tether
2024-07-06 21:08:48.173,1.0013053158983305,112229387615.40556,29674936635.66797,tether
2024-07-06 22:03:36.743,0.9997060395044043,112221013075.98398,33080451746.84058,tether
2024-07-06 23:02:21.095,1.0000896497104288,112223623165.36176,18981733779.84777,tether
2024-07-07 00:05:59.854,1.000907066539064,112196036454.30243,32448652833.40818,tether
2024-07-07 01:02:50.957,0.9998125329863374,112226121064.18843,31411720397.243134,tether
2024-07-07 02:02:50.650,1.0005370901121897,112277301444.19472,31906614231.764084,tether
2024-07-07 03:04:47.416,1.0007400753396254,112187075181.90063,34658789143.413795,tether
2024-07-07 04:06:44.942,1.000047329161105,112196878003.3504,28907461829.11096,tether
2024-07-07 05:02:28.914,0.9996515482300762,112184685178.11186,32973632864.829304,tether
2024-07-07 06:06:24.574,0.9990553538916167,112172498389.61479,24079753206.445835,tether
2024-07-07 07:08:52.639,1.0001126028442677,112226967264.41637,31962048580.70279,tether
2024-07-07 08:03:03.048,0.9999547696281811,112248325836.52727,32938455602.37022,tether
2024-07-07 09:05:53.919,1.0009491595678774,112330308040.07059,30007838147.843433,tether
2024-07-07 10:07:24.722,0.9999715044379096,112296460778.0446,26628380415.462414,tether
2024-07-07 11:01:08.629,0.9995265153823638,112189911420.15378,34735943501.68722,tether
2024-07-07 12:04:25.464,1.0002708010562833,112181191174.30193,35003922169.51481,tether
2024-07-07 13:04:12.512,1.0000250555291272,112202319754.46788,33941864659.69901,tether
2024-07-07 14:08:19.287,0.9999971716874225,112204136899.9487,27598099063.111183,tether
2024-07-07 15:04:30.773,0.999591693291853,112154304839.5714,35975362315.22108,tether
2024-07-07 16:02:46.440,0.9996209645338023,112258520913.6988,34868582451.82085,tether
2024-07-07 17:03:27.981,1.0004046937676303,112285896292.79422,34546908134.403206,tether
2024-07-07 18:11:19.632,1.0001990530219846,112227719101.98523,32671619277.933754,tether
2024-07-07 19:10:18.675,0.9994741505494995,112199567640.9473,32028925881.342113,tether
2024-07-07 20:06:34.238,0.9996266480781308,112208502332.83502,30605689966.025993,tether
2024-07-07 21:01:40.682,0.9997413218565865,112212890819.85077,31635945137.631084,tether
2024-07-07 22:04:43.363,1.0007617643313782,112321492561.57669,30983420929.353313,tether
2024-07-07 23:08:15.683,0.9997080403796291,112202788202.29361,26098709460.360794,tether
2024-07-08 00:07:37.473,0.9998589229979054,112126783690.4601,35256610769.92545,tether
2024-07-08 01:00:27.207,0.9992965025900316,112135544630.76276,36231643538.38063,tether
2024-07-08 02:07:54.404,1.0008622130852618,112320550576.28555,41127570652.34777,tether
2024-07-08 03:02:35.831,1.0005624733251024,112286912644.45976,38797271418.344215,tether
2024-07-08 04:09:15.167,0.9989178247704961,112259665859.6228,27657590941.679478,tether
2024-07-08 05:07:56.007,1.0018395166963774,112182332329.17361,38628794553.29534,tether
2024-07-08 06:09:36.050,0.9998502461998271,112210123259.38808,42992938854.62697,tether
2024-07-08 07:10:18.152,0.9998283692188235,112201187079.33925,40542950841.68174,tether
2024-07-08 08:04:44.555,1.0003422328239373,112296674194.07098,42499619858.216995,tether
2024-07-08 09:03:25.028,1.0021903732432063,112271821929.56818,33640046388.30922,tether
2024-07-08 10:07:44.732,0.9995920492239322,112198026906.1796,48276243522.578575,tether
2024-07-08 11:09:19.983,1.0022205626648177,112171752235.45482,45100393598.74435,tether
2024-07-08 12:04:57.716,0.9998696987742037,112213813106.97319,50575003539.83912,tether
2024-07-08 13:06:59.840,0.9994172148629759,112154164373.80347,46896734591.03904,tether
2024-07-08 14:11:38.574,1.0001292094530128,112276491865.25911,29715984123.576004,tether
2024-07-08 15:06:51.735,0.9983844496084416,112076321848.23117,49787194678.28776,tether
2024-07-08 16:04:49.732,0.9980592861940532,111980574611.01337,48859434805.50919,tether
2024-07-08 16:15:47.000,0.9996343083972531,112231367855.92989,59248036178.84855,tether
2024-07-01 17:02:25.155,578.4621530285467,88999959785.68303,781188116.4498259,binancecoin
2024-07-01 18:07:23.972,581.986087629842,89404028382.92679,750560317.5981746,binancecoin
2024-07-01 19:03:05.522,581.3393135344938,89453374883.43796,782868744.8582052,binancecoin
2024-07-01 20:10:43.988,581.671297939607,89288200482.33513,767139560.3866204,binancecoin
2024-07-01 21:03:53.534,580.7544062230818,89352637037.01941,721234370.0820827,binancecoin
2024-07-01 22:06:54.668,580.1914003573096,89243809160.21559,738354580.0197335,binancecoin
2024-07-01 23:08:04.229,577.8186772571642,88900333739.07257,567559147.8899264,binancecoin
2024-07-02 00:09:31.989,576.3739538802804,88672388632.92958,658293503.7349358,binancecoin
2024-07-02 01:03:20.364,575.2929667956427,88473618503.76254,638767401.7779973,binancecoin
2024-07-02 02:12:18.503,575.6015892356727,88482880241.5526,580038512.6200362,binancecoin
2024-07-02 03:02:40.468,576.9003448865687,88759665997.91965,570280875.5385276,binancecoin
2024-07-02 04:05:11.342,578.415757351117,88979632314.0582,559395477.8138163,binancecoin
2024-07-02 05:05:38.851,578.1966452652129,88959109783.42139,551481401.9010024,binancecoin
2024-07-02 06:06:50.418,580.3620060696147,89144612816.06248,573855918.5787729,binancecoin
2024-07-02 07:01:15.750,578.6222888118892,89102542460.78606,578120827.1935266,binancecoin
2024-07-02 08:04:43.922,577.7163720296971,88885216792.45688,560913422.2356775,binancecoin
2024-07-02 09:02:56.214,578.7220490886649,89027786887.33005,573503084.4234911,binancecoin
2024-07-02 10:12:25.023,577.6102790518861,88870845071.57468,556991940.3033311,binancecoin
2024-07-02 11:05:39.916,578.0930488843919,88943170843.11433,530703791.42755824,binancecoin
2024-07-02 12:06:14.809,578.6341739850886,88987352294.56029,549083625.0118669,binancecoin
2024-07-02 13:10:03.213,579.4131069902397,89223572398.31868,566346537.8086619,binancecoin
2024-07-02 14:01:42.423,577.5089445643418,89141601673.69719,542766425.041114,binancecoin
2024-07-02 15:04:54.435,576.1536807524736,88644787128.9047,558758139.4493898,binancecoin
2024-07-02 16:06:41.633,574.4898218190325,88381697153.94376,458908887.42927444,binancecoin
2024-07-02 17:09:17.641,575.3485522296136,88383639462.88535,558244368.9825863,binancecoin
2024-07-02 18:00:32.059,575.9275587107404,88621511785.16666,554634108.9059784,binancecoin
2024-07-02 19:04:06.939,578.7923995833243,89071951494.96707,599039976.665905,binancecoin
2024-07-02 20:03:16.079,577.3377650432631,88762512205.89326,584861783.2826815,binancecoin
2024-07-02 21:08:32.750,577.9161370372827,88895972477.27774,607795969.5962696,binancecoin
2024-07-02 22:04:06.219,578.1548500808286,89008869398.03656,580958394.3700116,binancecoin
2024-07-02 23:03:24.164,579.3248458685983,88990405507.55695,606187004.2476355,binancecoin
2024-07-03 00:04:07.155,579.1678644796124,89098620871.59885,592260886.5194138,binancecoin
2024-07-03 01:08:38.778,578.1513976279939,89022469629.40308,599955983.144403,binancecoin
2024-07-03 02:03:45.373,573.375243104724,88897610734.19485,610936304.9938142,binancecoin
2024-07-03 03:03:47.199,573.7054117546318,88268105886.73239,655777382.7628165,binancecoin
2024-07-03 04:07:14.525,567.1095960439737,87492549040.53763,697690755.9394985,binancecoin
2024-07-03 05:00:32.632,565.4723535657505,86967296278.09283,713406564.6052471,binancecoin
2024-07-03 06:08:15.439,566.0326683948351,87121222329.47162,745345286.7513566,binancecoin
2024-07-03 07:04:59.866,567.8222656043934,87352925397.26523,699061129.516192,binancecoin
2024-07-03 08:03:23.784,565.627362480869,87018140667.94702,701785073.3083408,binancecoin
2024-07-03 09:04:41.709,564.6260706055051,86879891963.11078,765829035.6547203,binancecoin
2024-07-03 10:09:40.806,565.6598682196491,87038325917.21227,743229853.0200576,binancecoin
2024-07-03 11:07:40.870,559.1426975775782,86226312268.14302,845249989.7977248,binancecoin
2024-07-03 12:04:06.282,560.2065988731721,86112857214.88948,866696854.1697149,binancecoin
2024-07-03 13:10:08.446,553.1238990458456,85360912358.05225,953330848.2264867,binancecoin
2024-07-03 14:03:16.148,559.2909272506566,86050348796.71611,987115192.8168191,binancecoin
2024-07-03 15:08:07.399,557.2064111670077,85729633177.47281,956454001.5539532,binancecoin
2024-07-03 16:05:03.140,557.1251449375831,85712628981.79134,915993561.2462739,binancecoin
2024-07-03 17:00:09.614,558.576878857547,85783797558.83102,931887648.6401721,binancecoin
2024-07-03 18:11:41.362,556.8411725812065,85620568293.71458,959481661.4571812,binancecoin
2024-07-03 19:09:54.936,556.0897651657932,85669210795.20155,890589809.6064183,binancecoin
2024-07-03 20:02:38.552,550.2251897121107,84655529322.12495,970051154.710543,binancecoin
2024-07-03 21:07:56.678,551.8512363603446,85002506677.83607,992462204.471925,binancecoin
2024-07-03 22:02:27.779,556.7192962267738,85503583077.69844,1009460107.7264217,binancecoin
2024-07-03 23:03:34.779,556.7817351027576,85681434996.1803,996756792.6438029,binancecoin
2024-07-04 00:09:22.890,556.6977379211912,85665920083.9427,1041230674.7142503,binancecoin
2024-07-04 01:06:04.131,555.8535964936589,85584727841.1724,1121597179.7393951,binancecoin
2024-07-04 02:03:20.160,540.2055347176077,83070327552.74355,1066957629.6281639,binancecoin
2024-07-04 03:05:13.330,539.0166068948073,82931019922.89851,1490521729.55065,binancecoin
2024-07-04 04:05:06.608,538.5575768644846,82848378567.99973,1470941150.771386,binancecoin
2024-07-04 05:00:42.212,540.443357308822,82988932666.43774,1241447381.5984561,binancecoin
2024-07-04 06:04:38.058,539.2195397029102,82975729223.0931,1417190797.3806632,binancecoin
2024-07-04 07:08:28.430,534.008595437954,82211852006.76672,1475103217.5309305,binancecoin
2024-07-04 08:13:32.195,532.9386023074798,81987826583.5011,1484240854.3244853,binancecoin
2024-07-04 09:08:35.152,528.0956936882369,81481012726.42882,1516034157.0014918,binancecoin
2024-07-04 10:05:37.261,529.1810586057964,81409532276.66815,1565650129.3701298,binancecoin
2024-07-04 11:07:52.312,527.4419056489312,81155546608.35197,1271263074.7465172,binancecoin
2024-07-04 12:06:50.465,523.895611610301,80740439224.58215,1482358651.9264853,binancecoin
2024-07-04 13:01:55.367,517.5608242635312,79617656366.82031,1463309068.8659983,binancecoin
2024-07-04 14:05:27.012,520.4511418757764,80074608952.11073,1498191334.6303566,binancecoin
2024-07-04 15:10:19.084,520.2764707026269,80043154714.02887,1514800851.495957,binancecoin
2024-07-04 16:09:21.257,523.1756563068448,80620376181.83801,1571241202.0824683,binancecoin
2024-07-04 17:09:27.696,522.1869328809139,80473207797.70708,1575288832.456795,binancecoin
2024-07-04 18:01:28.801,524.8587759531703,80752750561.86736,1566681693.8130977,binancecoin
2024-07-04 19:04:55.964,523.3494895433482,80520537565.60481,1595766095.889353,binancecoin
2024-07-04 20:09:57.731,522.7399957654578,80527012338.73903,1564973520.0370677,binancecoin
2024-07-04 21:02:41.512,524.3630212059786,80676475645.12022,1533739678.9896,binancecoin
2024-07-04 22:09:36.640,529.2236506473976,81074748748.01785,1563666892.9820435,binancecoin
2024-07-04 23:04:18.818,523.6061796970639,80560030924.39842,1569192977.471098,binancecoin
2024-07-05 00:00:35.252,513.9453755496933,79274495247.43005,1545553921.1939452,binancecoin
2024-07-05 01:06:19.012,514.4612857094608,79153032743.30766,1642972248.0185006,binancecoin
2024-07-05 02:03:48.947,508.45665435270126,78229183280.58736,1426378471.424315,binancecoin
2024-07-05 03:03:01.920,494.39971772235316,76066437129.84804,1376470928.5540917,binancecoin
2024-07-05 04:04:56.088,468.523045951859,72070885108.08679,1951152018.776809,binancecoin
2024-07-05 05:01:57.779,469.245556293263,72196314695.88971,2148602390.47872,binancecoin
2024-07-05 06:09:56.150,477.10301765895366,73646584659.8001,2232966530.805577,binancecoin
2024-07-05 07:07:57.357,470.3864278599577,72537250198.4323,2272698816.909375,binancecoin
2024-07-05 08:08:29.375,469.9528364700833,72542693318.2015,2322386769.5608177,binancecoin
2024-07-05 09:06:07.909,458.14172856748144,70895107436.54315,2276985430.145462,binancecoin
2024-07-05 10:09:49.358,469.67037454587455,72217160555.95206,2391365698.689955,binancecoin
2024-07-05 11:01:57.309,475.81016931277605,73188675131.60098,2460133567.9947047,binancecoin
2024-07-05 12:08:37.454,483.2044400075044,74708755024.4814,2594941945.8193507,binancecoin
2024-07-05 13:06:48.204,482.98660137863834,74439362745.43364,2599796083.8979287,binancecoin
2024-07-05 14:06:53.803,492.9635975960842,75875784074.22691,2599114598.0372066,binancecoin
2024-07-05 15:10:04.837,491.9546673653359,75497917923.72191,2394183336.3866043,binancecoin
2024-07-05 16:00:38.863,494.9433044904659,76139302872.47215,2615843364.953769,binancecoin
2024-07-05 17:08:40.969,495.8543362739809,76126438329.54758,2647532180.061148,binancecoin
2024-07-05 18:08:58.814,496.35500177304687,76489536957.86392,2623895742.7564254,binancecoin
2024-07-05 19:08:59.247,496.2663239132341,76604397800.38449,2643797489.826519,binancecoin
2024-07-05 20:03:35.359,495.4416516069817,76490681282.82285,2639712862.360318,binancecoin
2024-07-05 21:09:21.746,496.61285839476227,76343805670.56848,2472405201.5499234,binancecoin
2024-07-05 22:03:45.965,496.07881718904264,76542053183.8854,2633552464.429785,binancecoin
2024-07-05 23:03:57.706,496.3486403045986,76307795275.30759,1981060957.2234018,binancecoin
2024-07-06 00:09:17.671,496.5760666519535,76714273647.3038,2549492971.83942,binancecoin
2024-07-06 01:09:32.586,500.5966958581956,77367503001.45825,2041962806.0605633,binancecoin
2024-07-06 02:07:42.730,499.1221696421427,76800246235.20187,2394037716.5161576,binancecoin
2024-07-06 03:00:36.043,502.34865621294773,77230960349.45306,2355639104.780005,binancecoin
2024-07-06 04:04:26.670,503.5450922662807,77480168482.79237,1680806394.4739294,binancecoin
2024-07-06 05:06:35.241,500.6079268639572,76960416897.75114,1473564578.4092324,binancecoin
2024-07-06 06:07:40.202,501.66706866142437,77225273964.6675,1328603752.0200396,binancecoin
2024-07-06 07:02:42.193,506.2924906886051,77873548541.97928,1371966537.8352737,binancecoin
2024-07-06 08:06:29.930,507.76007570244315,78190498471.47498,1234623619.5699425,binancecoin
2024-07-06 09:12:58.447,507.45904926449504,78075695602.49553,1232186421.8680475,binancecoin
2024-07-06 10:03:28.388,508.4772327594513,78022734949.1755,1167576306.9891822,binancecoin
2024-07-06 11:07:39.378,510.8696299140155,78704637480.5379,1002750699.3758054,binancecoin
2024-07-06 12:09:40.994,513.8540237665231,78843417954.7011,911592857.6118298,binancecoin
2024-07-06 13:10:38.285,510.57582548707046,78679937537.74986,858482636.4916492,binancecoin
2024-07-06 14:09:24.263,514.2879336260299,78892729906.96158,825313812.7981906,binancecoin
2024-07-06 15:08:29.590,516.2906160955969,79311015562.71179,812543898.3047166,binancecoin
2024-07-06 16:06:26.610,518.7385759514797,79799846475.68555,796381756.6253365,binancecoin
2024-07-06 17:09:51.061,525.2624269380216,80814854748.34029,771453043.9635861,binancecoin
2024-07-06 18:10:24.066,524.9548891395601,80724051612.92702,789497192.7270961,binancecoin
2024-07-06 19:02:37.525,525.0850531756098,80767656787.18231,746787790.0443311,binancecoin
2024-07-06 20:09:15.860,527.2722857646032,81013688507.92743,771030863.9046669,binancecoin
2024-07-06 21:09:02.393,528.9385263405009,81057324205.92764,772462483.7061121,binancecoin
2024-07-06 22:07:42.100,526.8372498207824,80984102842.84248,750609527.7093184,binancecoin
2024-07-06 23:08:55.134,527.9131204677972,81374234573.62477,749512111.6600977,binancecoin
2024-07-07 00:06:00.694,528.1383593414917,81193238739.26189,774881754.623083,binancecoin
2024-07-07 01:06:14.669,520.138315062857,80026478623.05818,777503876.7696136,binancecoin
2024-07-07 02:03:52.207,520.8305954560827,80163713080.32253,780076906.5714941,binancecoin
2024-07-07 03:04:53.456,523.0285912429836,80451053013.66792,753826031.1275243,binancecoin
2024-07-07 04:03:54.075,518.7724803003899,79816336544.96883,760164236.7019908,binancecoin
2024-07-07 05:02:43.325,511.0853161903295,78625836318.3881,789428352.960949,binancecoin
2024-07-07 06:01:35.380,511.04118333255826,78699125949.24944,850004924.4036973,binancecoin
2024-07-07 07:07:31.262,512.9056073396353,78830539731.55423,821972404.8744512,binancecoin
2024-07-07 08:04:06.923,509.02909004213353,78301308376.23409,499531711.46526647,binancecoin
2024-07-07 09:02:21.275,510.6275771707348,78563193107.31715,818344825.0344352,binancecoin
2024-07-07 10:10:13.872,510.725422884617,78635504676.94446,821748297.3121741,binancecoin
2024-07-07 11:09:13.462,509.1631462805695,78239319152.02634,816304572.5204624,binancecoin
2024-07-07 12:06:49.942,508.2939640073605,78134805350.46213,815832090.4280632,binancecoin
2024-07-07 13:04:51.714,506.2543796246231,77827882399.7521,815797004.9043305,binancecoin
2024-07-07 14:08:47.712,496.7364842742628,76575488653.3733,872975459.1015244,binancecoin
2024-07-07 15:07:56.941,497.1233923654954,76308216342.90733,904634410.8355819,binancecoin
2024-07-07 16:05:00.799,498.3978225583498,76658776813.50249,872989994.4563814,binancecoin
2024-07-07 17:06:17.753,502.2563775793964,77306901476.28345,850600039.698355,binancecoin
2024-07-07 18:11:15.854,502.1847320473537,76897085802.32132,680260606.3075881,binancecoin
2024-07-07 19:06:38.512,500.4002833434743,77106578701.39046,841809157.1688268,binancecoin
2024-07-07 20:00:31.844,500.4051115936841,77004658431.10823,867811535.707174,binancecoin
2024-07-07 21:02:09.122,501.23902871015974,77259930544.40245,867981977.7103289,binancecoin
2024-07-07 22:06:19.088,496.8428100491578,76448817077.57703,839811123.6992102,binancecoin
2024-07-07 23:01:47.145,493.8281575378288,76056950462.85646,888145938.8844047,binancecoin
2024-07-08 00:09:06.924,489.3815326719383,75294358498.00365,879327225.9954925,binancecoin
2024-07-08 01:03:30.002,480.34950795112553,74069512447.82948,903444631.3256513,binancecoin
2024-07-08 02:09:39.248,483.30934490338865,74360115065.8575,998612786.4545443,binancecoin
2024-07-08 03:03:31.723,485.7644136935101,74737842497.89075,1020947179.3028578,binancecoin
2024-07-08 04:09:58.684,487.63823124253935,75058796087.02205,1039055959.1100237,binancecoin
2024-07-08 05:11:04.324,505.9693466204174,77035536441.10007,1118412917.4959447,binancecoin
2024-07-08 06:07:33.766,497.8001631068796,76929771398.12852,1157508862.3468251,binancecoin
2024-07-08 07:05:58.801,501.3439787185329,77134854391.3154,1185060623.6891847,binancecoin
2024-07-08 08:10:38.985,502.8448162370829,77220642804.08702,768225547.3268573,binancecoin
2024-07-08 09:07:05.330,522.7597772849265,80217078259.47673,1278357292.2068233,binancecoin
2024-07-08 10:07:31.645,513.5633925094401,79199710974.36313,1350491652.0299366,binancecoin
2024-07-08 11:05:09.939,508.20408828043253,78202708427.34969,1377342986.239376,binancecoin
2024-07-08 12:04:43.844,514.3025474030669,79206918411.87387,1411123938.2808416,binancecoin
2024-07-08 13:01:53.402,518.2256708566341,79400680036.3172,1414677436.2811577,binancecoin
2024-07-08 14:11:47.466,512.5338324484163,78940434184.55408,1387437619.3325405,binancecoin
2024-07-08 15:04:29.063,502.7446261247563,77743460672.37616,1512905974.0817027,binancecoin
2024-07-08 16:04:08.676,500.003607335527,77005448879.55348,1547361916.5577743,binancecoin
2024-07-08 16:30:12.000,499.86069873927715,76917399268.37308,1196797573.0463622,binancecoin
2024-07-01 17:01:32.303,0.40408578743966,14338422794.509478,256814480.82850447,cardano
2024-07-01 18:11:40.848,0.4064081720145125,14409175874.386625,262517502.17441902,cardano
2024-07-01 19:10:49.083,0.40395208086928447,14347895578.01705,264784025.01255903,cardano
2024-07-01 20:11:10.613,0.4053945958535639,14309937664.527143,269704814.499411,cardano
2024-07-01 21:12:55.794,0.4059981054586935,14383035140.872288,262762880.83693042,cardano
2024-07-01 22:05:32.522,0.4045663221601976,14333048119.311335,263117159.00958848,cardano
2024-07-01 23:11:52.086,0.4036359206267148,14305058906.208784,258017571.91709343,cardano
2024-07-02 00:11:45.612,0.4031717196888075,14254889823.047075,257730083.36855102,cardano
2024-07-02 01:04:53.379,0.40477324989786084,14332335162.687016,260951915.21389014,cardano
2024-07-02 02:04:35.950,0.4059616096779875,14366303710.46499,256063927.20568207,cardano
2024-07-02 03:07:58.810,0.40599442886090326,14355484328.604752,250389904.61406025,cardano
2024-07-02 04:01:22.971,0.40774260938207013,14453907825.606428,248387158.25022742,cardano
2024-07-02 05:03:30.675,0.4077297137233965,14462189400.276415,244848549.33967307,cardano
2024-07-02 06:09:00.970,0.40787733442818974,14435249401.010855,242059326.07327172,cardano
2024-07-02 07:10:01.005,0.40612427383333966,14395593429.76827,241896215.31734097,cardano
2024-07-02 08:07:44.665,0.4066245920889247,14401028973.0747,244012520.20037675,cardano
2024-07-02 09:03:49.722,0.4086639090711276,14478768414.663742,243013638.57510173,cardano
2024-07-02 10:10:02.562,0.4085564455894321,14498659773.126854,242517035.0165001,cardano
2024-07-02 11:12:36.644,0.4122289998943183,14605077891.131939,247922116.01425406,cardano
2024-07-02 12:05:22.896,0.4152337396536447,14705103793.607552,249431584.18925577,cardano
2024-07-02 13:09:48.145,0.41591522433461037,14734580185.017954,262002544.66657162,cardano
2024-07-02 14:08:37.565,0.4142456223318162,14707799357.12016,276006637.59082115,cardano
2024-07-02 15:09:48.399,0.4133230079499354,14649659541.486843,272186438.7707337,cardano
2024-07-02 16:10:09.798,0.41241647309206425,14625911044.53994,269874489.94242054,cardano
2024-07-02 17:10:17.100,0.4119441244427764,14602834599.050545,264466006.9940453,cardano
2024-07-02 18:08:18.853,0.41343781216106024,14626285087.956976,261911581.86983222,cardano
2024-07-02 19:13:36.212,0.41681873568240313,14773816217.15368,263059010.33177415,cardano
2024-07-02 20:07:19.852,0.4168675460778227,14773134944.871027,258432319.27496505,cardano
2024-07-02 21:01:54.385,0.4181831041931941,14817222637.62629,265283842.65666282,cardano
2024-07-02 22:02:18.607,0.4175153191562623,14816038336.936872,263470926.14495605,cardano
2024-07-02 23:00:51.263,0.418989680068622,14825381809.640715,261753148.78784657,cardano
2024-07-03 00:01:06.506,0.4174072422349273,14788214926.92888,259226764.96151036,cardano
2024-07-03 01:03:46.772,0.42145272153226865,14921616006.446062,265022477.12368166,cardano
2024-07-03 02:06:15.608,0.4177725411840386,14805206558.395193,275399677.8918739,cardano
2024-07-03 03:08:55.781,0.4185591232758393,14846006519.662718,276587321.99140686,cardano
2024-07-03 04:06:33.086,0.4143036260430175,14721947570.021217,284025883.28673923,cardano
2024-07-03 05:03:45.155,0.411359349365332,14571093667.548227,286609165.4269176,cardano
2024-07-03 06:10:50.277,0.41465612024736276,14662940613.787884,293435449.223865,cardano
2024-07-03 07:02:18.599,0.41603248673581505,14743541745.634186,293748965.2884556,cardano
2024-07-03 08:06:27.366,0.41480066338177424,14706994181.217617,294828189.5711527,cardano
2024-07-03 09:08:56.937,0.41367144646712434,14644789004.477476,294710763.42228585,cardano
2024-07-03 10:10:07.371,0.41228981061458336,14638273736.917662,307888938.5286254,cardano
2024-07-03 11:04:47.683,0.4070445205830004,14425022258.79777,318937624.86829495,cardano
2024-07-03 12:09:44.988,0.40642591529903216,14412052719.83947,324285396.016585,cardano
2024-07-03 13:09:38.909,0.40266129453742133,14302490446.009228,324162479.2164005,cardano
2024-07-03 14:05:14.032,0.4110847410870699,14568201365.147562,328671247.4189035,cardano
2024-07-03 15:05:51.217,0.40620708061258143,14395344693.80709,320394046.7355702,cardano
2024-07-03 16:06:41.725,0.4064943080766675,14375620633.459555,321890502.1875179,cardano
2024-07-03 17:08:06.086,0.40867807225411357,14489667710.807318,324709712.5424947,cardano
2024-07-03 18:05:41.678,0.4069464420407428,14369087056.495758,329267618.92765653,cardano
2024-07-03 19:00:57.302,0.40788349174413047,14441547910.922964,338525245.46525264,cardano
2024-07-03 20:04:19.250,0.4029433360145216,14276045875.390015,348910395.1392065,cardano
2024-07-03 21:03:11.801,0.4005416918421695,14194572161.601316,349931734.96732986,cardano
2024-07-03 22:08:20.720,0.4078687412100762,14446240948.158625,362719375.1300058,cardano
2024-07-03 23:07:07.252,0.40637823680317603,14401410201.962126,366447525.41031057,cardano
2024-07-04 00:04:49.443,0.4061809551506396,14388819255.478088,388074477.85141605,cardano
2024-07-04 01:06:49.006,0.4114989473818325,14569709093.52215,433380779.1288498,cardano
2024-07-04 02:09:30.175,0.3921331927860086,13844323861.801273,481199209.54439926,cardano
2024-07-04 03:02:44.129,0.3967428850950229,14077855879.042511,494124700.557077,cardano
2024-07-04 04:00:45.951,0.39628363833476066,14022494926.338766,489007373.0758982,cardano
2024-07-04 05:09:15.468,0.3943244587805396,13984031538.580147,490673895.06870496,cardano
2024-07-04 06:03:51.414,0.3947248572580968,13960359988.573574,488218462.4781425,cardano
2024-07-04 07:09:17.133,0.3936578263124438,13883448056.8932,500646693.5356968,cardano
2024-07-04 08:13:28.432,0.3951284040772595,14010551666.45995,508895587.1535168,cardano
2024-07-04 09:12:15.978,0.3911992144422011,13891708429.989954,516800339.45753884,cardano
2024-07-04 10:09:55.096,0.39356741738582335,13994683781.563944,525319327.3743466,cardano
2024-07-04 11:04:11.708,0.39170898618794164,13845844068.586359,506675013.75145084,cardano
2024-07-04 12:08:05.762,0.3890947273607286,13806047455.50494,496377270.7525167,cardano
2024-07-04 13:07:57.562,0.37996111427496415,13508633467.893835,489973601.11958086,cardano
2024-07-04 14:07:17.907,0.38001870932471393,13439319240.065657,513443370.55321485,cardano
2024-07-04 15:06:26.840,0.38112499275261597,13506474662.688848,519732043.3383342,cardano
2024-07-04 16:03:43.675,0.3859733361484278,13678292382.53608,528628299.83393407,cardano
2024-07-04 17:01:55.932,0.3820246827028844,13538358269.769592,529555980.01717806,cardano
2024-07-04 18:10:28.844,0.3798875411534766,13488384782.478333,526038510.1694644,cardano
2024-07-04 19:08:07.568,0.37796263458995877,13355754909.780895,519246815.4423859,cardano
2024-07-04 20:04:33.776,0.37778308248477566,13396111182.466045,512267381.7493988,cardano
2024-07-04 21:03:59.842,0.37750579656780353,13378216000.8351,511001987.08012944,cardano
2024-07-04 22:04:49.631,0.37835930919260424,13406173503.59948,507716096.0713954,cardano
2024-07-04 23:07:11.109,0.37111125229920433,13180298144.12092,505941984.1006144,cardano
2024-07-05 00:06:44.766,0.35774746553547154,12790641136.521814,520900314.7044694,cardano
2024-07-05 01:01:59.980,0.35095620645791914,12387537660.00919,538453667.3039831,cardano
2024-07-05 02:09:12.056,0.34675647910746255,12377308009.66169,506135015.44454914,cardano
2024-07-05 03:00:41.423,0.33747487191252545,12206567729.2437,542114653.1578934,cardano
2024-07-05 04:09:01.638,0.32344820164946997,11520205979.574816,642838944.3894825,cardano
2024-07-05 05:07:22.957,0.3328089450477964,11744104669.649815,677006424.2448915,cardano
2024-07-05 06:04:44.478,0.33488185910739315,11899019678.428164,698612739.0360574,cardano
2024-07-05 07:07:49.923,0.32703381245054186,11650793443.385103,697419205.042283,cardano
2024-07-05 08:10:20.094,0.32842446168140427,11711988467.014433,710325160.6789147,cardano
2024-07-05 09:07:36.457,0.3213856559191216,11357160530.664381,708927537.3453783,cardano
2024-07-05 10:07:47.546,0.3317125915444445,11755376315.344364,726255289.9180189,cardano
2024-07-05 11:08:34.175,0.3423509188516947,12032219959.69758,765126230.4752457,cardano
2024-07-05 12:08:21.512,0.347679129401264,12354145022.717237,778215018.2002462,cardano
2024-07-05 13:07:36.785,0.34339331065167045,12189829057.200853,792874784.6217666,cardano
2024-07-05 14:07:34.730,0.34751364140149427,12387471308.138231,785574093.9752191,cardano
2024-07-05 15:07:45.856,0.3471727962321028,12257353056.66045,789031305.389998,cardano
2024-07-05 16:00:37.831,0.35289295526375697,12512287322.965418,801774347.3675221,cardano
2024-07-05 17:05:45.049,0.3496846034684716,12390273013.095215,809375411.7426467,cardano
2024-07-05 18:08:25.566,0.3509103362190967,12427210920.21226,810753160.6685213,cardano
2024-07-05 19:03:29.017,0.3542608686366453,12554865971.217875,819276121.7146387,cardano
2024-07-05 20:00:25.733,0.3505445626118417,12451455323.314472,816521168.0129123,cardano
2024-07-05 21:06:34.554,0.3507814334295061,12431146298.066486,812371557.4636234,cardano
2024-07-05 22:00:12.240,0.3509896608758274,12461821212.121151,811693336.3355217,cardano
2024-07-05 23:04:07.527,0.3493516915947001,12380478479.809477,810577031.6964412,cardano
2024-07-06 00:04:30.225,0.3494337390525403,12390739992.04125,786147637.852431,cardano
2024-07-06 01:08:10.157,0.35060831216086263,12500570191.15427,721039694.4297072,cardano
2024-07-06 02:07:53.785,0.3493740047896237,12371026088.08643,687790746.4165438,cardano
2024-07-06 03:08:04.498,0.35041526274552026,12411293131.058218,615204972.2212584,cardano
2024-07-06 04:07:19.246,0.3509002683179653,12423720857.216799,534164085.6156744,cardano
2024-07-06 05:02:44.802,0.34889765008802126,12364387957.74354,486545419.41581285,cardano
2024-07-06 06:04:59.865,0.34830369629303254,12351682698.198536,468895201.81026983,cardano
2024-07-06 07:04:38.893,0.35161679653588396,12460750262.23832,462522045.35877514,cardano
2024-07-06 08:12:29.632,0.35289356976171693,12516728283.764385,443347240.8164976,cardano
2024-07-06 09:18:48.066,0.35006198663362514,12410829425.76898,414401597.24055773,cardano
2024-07-06 10:07:18.682,0.35344413261448915,12510658004.5418,401997359.9972693,cardano
2024-07-06 11:07:51.644,0.3559545396304134,12625750879.072945,378122459.21251696,cardano
2024-07-06 12:07:39.649,0.35766751841473726,12638180346.571707,372058420.7577263,cardano
2024-07-06 13:02:48.922,0.3563210351504175,12580221038.254637,338940957.8383311,cardano
2024-07-06 14:07:32.275,0.35878319476307735,12693492991.816212,327594369.4217078,cardano
2024-07-06 15:02:32.830,0.3584514037921717,12691951980.011797,319895689.8900985,cardano
2024-07-06 16:02:05.899,0.3603212945755654,12766634111.850044,312867117.4326593,cardano
2024-07-06 17:06:56.714,0.36768205982016994,13029842287.370968,310616596.6109036,cardano
2024-07-06 18:10:31.602,0.3688535560270535,13076623811.499765,311058122.2763952,cardano
2024-07-06 19:01:19.535,0.3718672906998887,13112177509.774836,310049160.87470406,cardano
2024-07-06 20:02:46.560,0.3723207453605055,13192267176.483217,304448940.0902571,cardano
2024-07-06 21:01:38.192,0.37070800929335623,13140234062.644875,307354533.4734513,cardano
2024-07-06 22:07:57.480,0.3702995863773288,13130458026.318333,298472421.27422017,cardano
2024-07-06 23:01:48.975,0.37157454859391564,13176926115.604975,294519650.80302364,cardano
2024-07-07 00:03:10.994,0.3715655592437407,13131781878.678825,295009679.1654165,cardano
2024-07-07 01:06:09.122,0.3672284845863069,13014004110.98737,286410644.1947639,cardano
2024-07-07 02:06:49.980,0.36868012221161145,13015406847.19538,289869538.1628934,cardano
2024-07-07 03:08:34.619,0.3696312997964499,13120242857.084404,285929858.65224326,cardano
2024-07-07 04:06:15.482,0.37062120519850017,13118654641.048576,290859088.77602476,cardano
2024-07-07 05:03:52.957,0.3660807091500674,12971874775.669065,289999735.2698919,cardano
2024-07-07 06:09:30.046,0.3677418789401542,13012121561.072758,286191058.73635834,cardano
2024-07-07 07:04:26.081,0.3677288844147882,13053774302.595604,278426760.36581624,cardano
2024-07-07 08:07:45.687,0.36608290195083537,12956254943.071896,276290687.7756653,cardano
2024-07-07 09:02:53.321,0.3654235352059451,12953214896.538406,273511328.4613502,cardano
2024-07-07 10:04:40.833,0.3666301623023998,12992800503.453402,276073291.1133562,cardano
2024-07-07 11:00:45.288,0.3652407586102016,12941744262.865917,276797289.14095515,cardano
2024-07-07 12:07:50.850,0.3655747621114504,12945179449.195091,262002384.33524656,cardano
2024-07-07 13:01:00.656,0.36472470108201716,12906671241.171446,263743530.20285428,cardano
2024-07-07 14:04:12.809,0.3559403312672248,12613969582.441793,273442671.72657806,cardano
2024-07-07 15:04:14.291,0.35515709805920537,12586213020.47327,273720464.82983816,cardano
2024-07-07 16:07:28.170,0.3560502589073439,12617272372.649261,269371722.93438625,cardano
2024-07-07 17:09:37.594,0.35962155552365216,12738376527.531975,261604380.45412734,cardano
2024-07-07 18:04:17.167,0.3611827450390674,12714497266.617483,256529163.797486,cardano
2024-07-07 19:02:24.499,0.3587144686717324,12709759546.3292,250694085.83992806,cardano
2024-07-07 20:08:20.141,0.35554207857485726,12627309757.320787,247900340.75734553,cardano
2024-07-07 21:00:30.044,0.35603290303259016,12643153365.270988,247197433.2148313,cardano
2024-07-07 22:08:08.652,0.3532772241075367,12481989505.54939,253718964.89921078,cardano
2024-07-07 23:06:44.086,0.34932684680961407,12355688147.208214,251889388.4746925,cardano
2024-07-08 00:09:13.210,0.3453805683822209,12239748073.586603,256395946.24506217,cardano
2024-07-08 01:06:53.245,0.3355445216869613,11950604780.305487,269703791.9558459,cardano
2024-07-08 02:06:38.303,0.337648498144977,11917707269.55853,285337395.2677048,cardano
2024-07-08 03:03:00.000,0.344727917166875,12216619133.550482,305838635.88880134,cardano
2024-07-08 04:08:49.268,0.3427871360693028,12198544236.221838,310820235.9774865,cardano
2024-07-08 05:08:17.823,0.35184214506327094,12395855300.015034,323058395.61513096,cardano
2024-07-08 06:07:47.282,0.34681311934042786,12298507938.024157,324195300.044983,cardano
2024-07-08 07:11:28.545,0.34964796994096947,12392118343.986462,340888159.7929637,cardano
2024-07-08 08:02:31.093,0.35121960609715114,12433213750.284206,340962232.90710235,cardano
2024-07-08 09:03:36.703,0.372190810469471,13189861192.216534,380591256.97882175,cardano
2024-07-08 10:03:00.171,0.37427768330116035,13280674727.466372,409931769.6634476,cardano
2024-07-08 11:07:31.419,0.3747998485114334,13144240179.6493,426897601.72229654,cardano
2024-07-08 12:06:06.898,0.3765622741765092,13382473786.382423,434943812.0663393,cardano
2024-07-08 13:03:51.209,0.3767776472105345,13352411524.530416,446933178.6714305,cardano
2024-07-08 14:12:20.621,0.37672062013175056,13341762535.010355,441073328.0289614,cardano
2024-07-08 15:08:45.555,0.3667166573091054,13048995107.649084,478441232.1079478,cardano
2024-07-08 16:09:59.859,0.3629648893641349,12774934767.34738,490652266.7085713,cardano
2024-07-08 16:13:15.000,0.3637029615076822,12883681357.571161,491964930.62971276,cardano
